Code,Name,Price,Stock
1001441,RADIATOR HONDA CRV 1996 RD1(AT)(26MM)FROTISE,800,21
1001755,RADIATOR NISSAN X-TRAIL 2004 T30 (26MM)(AT)£¨FROTISE£©,800,0
1001755,RADIATOR NISSAN X-TRAIL 2004 T30 (26MM)(AT)£¨FROTISE£©,800,4
1001220,RADIATOR LAND CRUISER 1996 HZJ79 (MT)(48MM)£¨FROTISE£©,1300,0
1001234,RADIATOR RAV4 2004 ACA21 (AT)(26MM) (FROTISE),780,0
1001341,RADIATOR SUZUKI GRAND VITARA 2006 (AT)(16MM) (FROTIS),820,4
1008558,RADIATOR TOP COVER YARIS 1.0/1.3 2005 NCP90 (SHORT) (SNG),55,0
1009661,RADIATOR TOYOTA HIACE 2008 (4 PIPES)(AT)(36MM)£¨FROTISE£©,1150,4
1016024,RADIATOR HIACE 2005 KDH200 5LE (MT)(32MM) FROTIS,740,0
1016025,RADIATOR HIACE 2005 KDH200 1KD/2KD (SMALL)(FULL ALUMINIUM)(MT)(26MM) FROTIS,390,0
1017012,RADIATOR HILUX VIGO (PETROL) 2TR TGN16/TGN26  (MT)(26MM)(FROTISE),860,38
1017026,RADIATOR HIACE 2KD 2005 (2 PIPES)(PIPE LEFT)(36MM)(MT)(FROTISE),1150,17
1018702,RADIATOR TOYOTA HIACE FISH 1995 (PIPE LEFT)(AT)(48MM)(FROTISE),980,18
1019739,RADIATOR HONDA CIVIC 2.0 2017 (AT/MT) (16MM) (FROTISE),550,0
1019740,RADIATOR HONDA CRV 2017 (AT) (16MM) (FROTISE),720,0
1019741,RADIATOR HONDA ACCORD 2014 2.0 (AT) (16MM) (FROTIS),650,72
1019742,RADIATOR HYUNDAI SONATA 2016 (AT) (16MM) (FROTISE),690,0
1019744,RADIATOR SANTA FE 2020/SORENTO 2015 2.5/3.3 (LONG)(AT)(16MM)(FROTISE),950,19
1019746,RADIATOR FORD EXPLORER 2016 (AT/MT) (26MM) FROTIS,980,5
1019747,RADIATOR JEEP LIBERTY 2004 (AT) (26MM) (FROTIS),792,0
1019748,RADIATOR MITSUBISHI OUTLANDER 2004 CU2W (26MM)(AT) (FROTIS),577,0
1019752,RADIATOR PAJERO 2004 V73 (AT)(26MM)(FROTISE),880,0
1019753,RADIATOR MITSUBISHI OUTLANDER 2010 CW5W (AT)(26MM)(FROTIS),880,0
1019755,RADIATOR INFINITI 2003- V6 FX35(AT)(26MM)(FROTISE),930,0
1019757,RADIATOR PEUGEOT/PEUGEOT 406 2.0,506,0
1019760,RADIATOR HYUNDAI VERACRUZ IX35 V6 3.8L 2011 (18MM)(AT)(FROTIS),627,23
1017654,RADIATOR HIACE 2KD 2005 (2 PIPES)(36MM)(MT)£¨FROTISE£©,1050,1
1017655,RADIATOR HIACE 2KD 2005 (36MM)(AT)FROTIS,980,0
1020000,RADIATOR HILUX REVO 2015 KUN125(AT)(26MM)(FROTISE),920,184
1020642,RADIATOR INFINIT 2008 G35(AT) (26MM)((FROTISE),700,7
1020643,RADIATOR CARAVAN/URVAN 2001- E25(AT)(36MM) (FROTISE),800,10
1020644,RADIATOR TERRANO 1996-2004 R50 (AT)(26MM)(FROTISE),682,0
1020645,RADIATOR NISSAN SERENA 2001-2006/X-TRAIL 2004 T30 (AT) (26MM) (FROTISE),850,0
1020646,RADIATOR PAJERO L04#/L200/L300/HARDBODY/VIGO(MT)(32MM)£¨COPPER£©(FROTISE),1570,0
1020647,RADIATOR DISCOVERY 2004-2009 LR3 (AT) (32MM) (FROTISE),1300,6
1019735,RADIATOR L200 2015-2020 2.5 (MT)(26MM)(FROTISE),780,18
1019736,RADIATOR NISSAN JUKE F15 (AT) (16MM) (FROTIS),572,0
1019737,RADIATOR MAZDA CX-3 2.0L 2016 £¨AT/MT£© £¨16MM£© FROTIS,600,23
1019738,RADIATOR HONDA ACCORD 2014 (AT) (16MM) (FROTISE),590,1
1011317,RADIATOR CHRYSLER 300G 2005 (MT)(26MM) (FROTISE),850,0
1011318,RADIATOR MITSUBISHI 2005 L200 (MT)(26MM) FROTIS,780,65
1011319,RADIATOR SIENNA 2007 MCL20 3MZFE (AT)(26MM)(FROTIS),820,16
1011320,RADIATOR SIENNA 2003 MCL20 3MZFE (FULL ALIMINUM)(AT)(22MM) £¨FROTISE£©,820,14
1011373,RADIATOR IX35/TUCSON/SPORTAGE 2010 (AT)(16MM)  (FROTISE),620,16
1011374,RADIATOR ELANTRA 2011 (AT)(16MM) (FROTISE),550,11
1011375,RADIATOR HYUNDAI H-1 2008 (AT)(26MM)  (FROTISE),900,0
1011376,RADIATOR DODGE CALIBER (MT)(26MM) (FROTISE),630,74
1011377,RADIATOR FORD EXPLORER 2007 (AT) (36MM) (FROTIS),880,0
1011378,RADIATOR TUCSON 2004 (AT)(18MM) (FROTISE),750,0
1011379,RADIATOR HYUNDAI SANTA FE 2012 (AT)(16MM) (FROTISE),660,0
1011379,RADIATOR HYUNDAI SANTA FE 2012 (AT)(16MM) (FROTISE),660,67
1011380,RADIATOR SONATA 2012 2.4 (AT)(16MM) (FROTISE),650,0
1011381,RADIATOR ACCENT 2012 (AT)(16MM)(FROTISE),550,139
1011382,RADIATOR FORD RANGER 2006 BT50(MT)(32MM)(FROTISE),517,0
1011383,RADIATOR MAZDA CX-7 (AT)(26MM) (FROTIS),900,0
1011384,RADIATOR MAZDA CX-9 (AT)(26MM) (FROTIS),764,0
1011385,RADIATOR NISSAN TRUCK 97-99 (AT)(32MM) (FROTISE),720,18
1011386,RADIATOR NISSAN PATROL 4CYLINDER 07 (AT) (36MM) (FROTIS),1200,29
1011387,RADIATOR HONDA CITY (MT)(16MM) FROTIS ´íÎó,451,0
1011388,RADIATOR HONDA PILOT/RIDGELINE 2009 (AT)(26MM) (FROTISE),980,0
1011389,RADIATOR HONDA CRV 2010 RE7 K24A (AT)(16MM) FROTIS,750,16
1013595,RADIATOR HONDA FIT 2004 GD1 (16MM)(AT)FROTIS,550,7
1013596,RADIATOR CIVIC FAI 2006-2010 (26MM)(AT)(FROTISE),750,0
1013597,RADIATOR JETTA 2006 1.6/2.0/2.5 (22MM)(MT)FROTIS,715,0
1013598,RADIATOR JETTA /PASSAT 2005 (32MM)(MT) FROTIS,792,0
1013599,RADIATOR GOLF 2005 (26MM)(MT) FROTIS,468,2
1013600,RADIATOR IX35/TUCSON/SPORTAGE 2010 (AT)(16MM) FROTIS,624,0
1013601,RADIATOR ELANTRA 2014 (16MM)(AT) (FROTISE),580,34
1013602,RADIATOR SSANG YONG REXTON 2.7 2002 (26MM)(AT)(FROTISE),1000,25
1013603,RADIATOR SSANG YONG REXTON 2.9 2002 (26MM)(AT)(FROTISE),900,0
1013604,RADIATOR NISSAN ROGUE 2007 S35 (MT)(26MM)(FROTISE),750,0
1013605,RADIATOR NISSAN PATROL 2012 Y62/INFINITI QX56 2010 VK56DE (42MM)(AT)(FROTISE),1600,1
1013606,RADIATOR DATSUN TRUCK 2.7D/HARDBODY 1997-1999 (MT)(32MM)(FROTISE),750,82
1013607,RADIATOR NISSAN QASHQAI 2013 (16MM)(MT)FROTIS,620,0
1013607,RADIATOR NISSAN QASHQAI 2013 (16MM)(MT)FROTIS,620,11
1013608,RADIATOR URVAN 2.4/CARAVAN 3.0D 2001 E25 (36MM)(MT)FROTIS,680,17
1013609,RADIATOR PATHFINDER 3.3 V6 1997 R50 (26MM)(AT)(FROTIS),605,0
1013610,RADIATOR NISSAN VERSA/ALMERA 2013 N17 1.6L (AT)(26MM)(FROTISE),680,0
1013557,RADIATOR LEXUS RX400 (22MM)(AT) FROTIS,1050,12
1013558,RADIATOR SIENNA 2012 (26MM)(AT) FROTIS,912,0
1013559,RADIATOR HIACE/QUANTUM 2007 KDH200 (2 PIPES) (MT)  (36MM)£¨FROTISE£©,980,7
1013560,RADIATOR CHEVROLET CRUZE J300 1.6T 2010 (AT)(26MM) (FROTISE),800,1
1013561,RADIATOR MITSUBISHI OUTLANDER 2015 GF7W (16MM)(AT)FROTIS,690,0
1013648,RADIATOR VOLV0 S60 2.0T B5204T5/2.4D D5244T 2000-2005 (32MM)(MT)FROTIS,836,0
1013649,RADIATOR ISUZU D-MAX 2003-2006 (26MM)(AT)FROTIS,655,20
1013650,RADIATOR FORD ESCAPE 2.3 4CYLINDER 2008 (MT)(26MM) (FROTISE),800,11
1013651,RADIATOR FORD ESCAPE 3.0L V6 2008 (26MM)(MT)(FROTISE),690,0
1013652,RADIATOR BENZ SPRINTER 1995(AT) (40MM)(FROTISE),830,581
1013653,RADIATOR SATURN VUE 2008-2009 (AT)(26MM)(FROTISE),920,10
1013654,RADIATOR JAGUAR XJ500 V6 3.0D 2009 (36MM)(MT) FROTIS,836,0
1013655,RADIATOR FORD ESCAPE 2013 (26MM)(MT)(FROTISE),780,9
1013656,RADIATOR MAZDA MPV 2.5G 1999-2002 (26MM)(AT)FROTIS,655,0
1013657,RADIATOR L200 2005 KB4T (26MM)(MT)FROTIS,660,0
1013658,RADIATOR L200 2007 (AT)(26MM)(FROTISE),820,16
1013659,RADIATOR DELICA CARGO/DELICA SPACE GERA 2.4 1994-2003 (26MM)(AT)FROTIS,517,2
1013661,RADIATOR ENDEAVOR 2003 (26MM)(AT)FROTIS,930,12
1013662,RADIATOR CHALLENGER 2.5D 1996-1997 (32MM)(AT)FROTIS,740,0
1013663,RADIATOR MAZDA CX-5 2011 (26MM)(MT)FROTIS,687,0
1013664,RADIATOR MAZDA TRIBUTE/FORD ESCAPE 2002 2.0 (AT)(26MM)(FROTISE),800,35
1013665,RADIATOR VECTRA 1988 (26MM)(MT)FROTIS,535,9
1013611,RADIATOR NISSAN PATHFINDER 2013/INFINITI QX60 3.5L V6 (26MM)(AT)FROTIS,1000,0
1013612,RADIATOR ALTIMA 2002-2006 2.5 4CYLINDER (26MM)(AT)(FROTISE),780,2
1013613,RADIATOR NISSAN MURANO 2005 Z50 (26MM)(AT)(FROTIS),577,0
1013614,RADIATOR KIA RIO 2005(AT) (26MM) (FROTISE),700,0
1013615,RADIATOR SORENTO 2.5 DIESEL 2000-2002 (26MM)(AT)(FROTISE),700,0
1013616,RADIATOR KIA PICANTO 2011(AT) (26MM) (INTAKE MIDDLE)£¨FROTISE£©,550,45
1013617,RADIATOR ACCENT 2007 (AT)(26MM)£¨FROTISE£©,700,67
1013618,RADIATOR HYUNDAI I10 1.0 1.25L 2008 (AT)(26MM)(FROTISE),450,0
1013619,RADIATOR HYUNDAI LAVITA MPV 1.5/1.6/1.8 2006 (26MM)(AT)FROTIS,544,0
1013620,RADIATOR I20 (16MM)(AT)(FROTIS),540,22
1013621,RADIATOR SANTA FE 2.4/2.7 2000(AT )(26MM)£¨FROTISE£©,780,0
1013622,RADIATOR SANTA FE 2013 TURBO TYPE (AT)(22MM) (FROTISE),780,0
1013623,RADIATOR TUCSON 2005-2008 (26MM)(AT)FROTIS,425,0
1013624,RADIATOR CERATO 1.6/2.0 16V 2005 (16MM)(AT)FROTIS,560,30
1013625,RADIATOR ELANTRA 1.4/1.6/2.0 16V 2007 (AT)(26MM)(FROTISE),700,0
1013626,RADIATOR SORENTO 3.3L/3.5L V6 2000-2002 (AT)(26MM)(FROTISE),900,3
1013627,RADIATOR SORENTO 2007 2.5L TRUBO DIESEL (26MM)(AT)FROTIS,564,0
1013628,RADIATOR SONATA 2.0 TURBO 2012 (16MM)(AT)FROTIS,700,0
1013562,RADIATOR FORD RANGER 2006 (LONG)(L=450MM)(32MM)(MT)£¨FROTIS£©,750,70
1013563,RADIATOR PAJERO 2004 V73 4M41 (MT)(26MM) (FROTISE),880,36
1013564,RADIATOR BMW E53 4.6I X5 (32MM)(MT) FROTIS,792,0
1013565,RADIATOR NISSAN FRONTIER/XTERRA 1998-2004 (32MM)(AT)(FROTISE),800,0
1013566,RADIATOR INFINITI FX45/50 2010 (26MM)(AT)FROTIS,850,0
1013567,RADIATOR CHEVROLET EXPRESS 2004-2006 (32MM)(AT) FROTIS,930,7
1013568,RADIATOR NISSAN PATHFINDER 2007 3.5L V6(26MM)(MT) FROTIS,1000,0
1013569,RADIATOR TORRENT 3.4L V6 2006-2007 (26MM)(AT)FROTIS,698,0
1013570,RADIATOR LEXUS RX300/330/350 3.5 V6 2007/HARRIER 2007-2009 (AT)(22MM)(FROTISE),920,13
1013571,RADIATOR SIENNA 2014 3.5L V6 (26MM)(AT)FROTIS,980,24
1013572,RADIATOR COROLLA 1.4 1.6 1.8 1997-1999 AE110 (AT)(26MM)(FROTISE),540,0
1013573,RADIATOR AVENSIS 2.0 2003 AZT250 (26MM)(AT)(FROTISE),522,6
1013574,RADIATOR HILUX VIGO/INNOVA 3.0D 2007 (MT)(32MM)(FROTISE),830,0
1013575,RADIATOR HIGHLANDER 2014 GSU55 2.7L L4 V6(16MM)(AT) (FROTISE),780,79
1013576,RADIATOR CAMRY 2012 ACV50 2.5 (AT)(26MM) (FROTISE),780,0
1013577,RADIATOR YARIS 1.0/1.3 2005 NCP90 (SHORT) (AT)(16MM) (FROTISE),450,0
1013578,RADIATOR PRADO 2012 KDJ150 3.0 DIESEL(36MM)(MT)FROTIS,1034,4
1013629,RADIATOR HYUNDAI H200 (MT)(26MM)(FROTISE),600,7
1013630,RADIATOR H101 BUS (32MM)(MT)FROTIS,792,0
1013631,RADIATOR TERACAN 2.5 CRD 2001 (26MM)(MT)FROTIS,714,0
1013632,RADIATOR H3 HUMMER 2006-2009 (AT)(32MM)(FROTISE),1050,8
1013633,RADIATOR FORD EXPLORER 2009 (AT)(32MM) (FROTISE),1150,53
1013635,RADIATOR EXPLORER 3.5L V6 2012 (26MM)(MT) FROTIS,920,19
1013636,RADIATOR CHEVROLET AVEO 1.6L 2004 (26MM)(MT) FROTIS,680,18
1013637,RADIATOR CHEVROLET EQUINOX 3.0L V6 2010-2017 (AT) (26MM)£¨FROTISE£©,950,91
1013638,RADIATOR JEEP CHEROKEE 1991 (32MM)(AT) FROTIS,810,0
1013639,RADIATOR CHRYSLER PT CRUISER 2001 (26MM)(AT) FROTIS,700,0
1013640,RADIATOR CHRYSLER 300C/CHARGER (42MM)(MT) FROTIS,675,0
1013641,RADIATOR VOLVO X90 2007 (40MM)(AT)FROTIS,810,0
1013642,RADIATOR BMW X3 (32MM)(MT)(FROTIS),936,0
1013643,RADIATOR VW PASSAT B5 1.8 2000-2005 (32MM)(AT)FROTIS,605,0
1013644,RADIATOR GRAND CHEROKEE 3.0CRD D EVA 2000-2005 (32MM)(AT) FROTIS,930,0
1013645,RADIATOR GRAND CHEROKEE 4.0 V6G 2000-2002 (26MM)(AT)FROTIS,1100,16
1013646,RADIATOR GMC V6 GAS 2003 (26MM)(AT)FROTIS,740,20
1013647,RADIATOR FORD EDGE 3.5L V6 07/LINKEN MAX 3.6 V6 2007-2009 (MT(26MM) (FROTISE),605,8
1013579,RADIATOR LAND CRUISER/PRADO 4.0 V6/4RUNNER 2003-2010 (26MM)(AT)(FROTIS),920,22
1013580,RADIATOR PRADO 2012/4RUNNER GRJ150 4.0 PETROL (32MM)(AT)FROTIS,1200,19
1013581,RADIATOR LAND CRUISER 2010 VDJ200 V8 (48MM)(MT)FROTIS,1250,59
1013582,RADIATOR HILUX 4RUNNER 2.7L PETROL (32MM)(MT)(FROTISE),800,51
1013583,RADIATOR LAND CRUISER 2002 (48MM)(MT)FROTIS,1144,0
1013584,RADIATOR HIACE 2KD 2005 (MT)(36MM)(FULL ALIMINUM)£¨FROTISE),1111,0
1013585,RADIATOR HIACE 2KD 2005(AT) (36MM)£¨FROTISE),1410,0
1013586,RADIATOR RAV4 2.0G 1998 SXA11 (AT)(26MM)£¨FROTISE),780,8
1013587,RADIATOR TACOMA 2.4/2.7/3.4 L4 V6 1995-2004 (26MM)(AT)FROTIS,1000,17
1013588,RADIATOR COROLLA/MATRIX 2009 ZRE141 (26MM)(AT(FROTISE),550,0
1013588,RADIATOR COROLLA/MATRIX 2009 ZRE141 (26MM)(AT(FROTISE),550,0
1013589,RADIATOR BMW X5 X6 E70 E71 (FULL ALUMINUM) (32MM)(MT) FROTIS,1360,2
1013590,RADIATOR HONDA CIVIC 2013 FB3 (AT)(16MM)(FROTISE),590,57
1013591,RADIATOR FORD RANGER 2013 T6 (26MM)(MT)(FROTIS),1050,27
1013592,RADIATOR HONDA CRV 2013 2.0L RM4 (16MM)(AT)(FROTISE),630,0
1013593,RADIATOR ACCORD 2.4 2004 CL7(26MM)(AT) FROTIS,720,0
1013594,RADIATOR ACURA MDX TL 3.5 V6 2005-2010 (26MM)(AT)FROTIS,690,0
1011321,RADIATOR HIGHLANDER 2007 GSU45 (4 CYLINDER) 2.7 1ARFE (AT)(26MM) (FROTISE),820,96
1011322,RADIATOR LEXUS RX330/350 2005 MCU30 1MZFE (18MM)(AT) FROTIS,700,0
1011323,RADIATOR HIGHLANDER 2007 GSU45 (6 CYLINDER)2GRFE (AT)(26MM)£¨FROTISE£©,800,35
1011324,RADIATOR HILUX VIGO LAN15/25 5LE (MT)(32MM)(FROTISE),780,224
1011325,RADIATOR SIENNA 1997 MCL10 (AT)(26MM) FROTIS,642,0
1011326,RADIATOR TUNDRA 2002 UCK30/40 2UZFE (AT)(32MM) £¨FROTISE£©,1300,0
1011327,RADIATOR 2UZFE TUNDRA/SEQUOIA 2010 UCK50/60 (MT) (36MM) (FROTISE),1200,19
1011328,RADIATOR LAND CRUISER 1990 HDJ81 (AT)(36MM) FROTIS,1250,9
1011329,RADIATOR COASTER BB40 1HZ (AT)(32MM) (FROTISE),1000,66
1011330,RADIATOR LAND CRUISER 2000 HDJ100 (AT)(36MM) FROTIS,1200,6
1011331,RADIATOR NISSAN PATROL Y61 (MT)(36MM) (FROTISE),810,0
1011332,RADIATOR LEXUS RX300 95-99 MCU10 (AT)(26MM) (FROTISE),850,0
1011333,RADIATOR COROLLA 2003 ZZE130 (AT)(26MM) (FROTISE),490,0
1011333,RADIATOR COROLLA 2003 ZZE130 (AT)(26MM) (FROTISE),490,0
1011334,RADIATOR YARIS 2005 NCP90 1NZ/2NZ (AT)(16MM) FROTIS´íÎó,325,0
1011335,RADIATOR COROLLA 2009 S.A. MODEL ZRE152 (AT)(26MM) (FROTISE),620,3
1011336,RADIATOR CAMRY 2002 ACV30(AT)(26MM)(FROTISE),780,0
1011390,RADIATOR PRADO 2010 KDJ150 (AT)(32MM) (FROTISE),1250,12
1011391,RADIATOR CHEVROLET CRUZE 2009 (AT)(26MM) (FROTIS),690,0
1011392,RADIATOR KIA PICANTO 2011 (AT)(16MM) FROTIS´íÎó,552,0
1011393,RADIATOR PAJERO MONTERO 4M40 90-00 (AT)(26MM) (FROTIS),638,39
1011394,RADIATOR FORD ESCAPE 2002 V6 3.0 EP (AT)(26MM) (FROTISE),800,0
1011394,RADIATOR FORD ESCAPE 2002 V6 3.0 EP (AT)(26MM) (FROTISE),800,4
1011395,RADIATOR HIACE FISH 1997 RCH41(PIPE RIGHT) (AT)(32MM)£¨FROTISE),880,0
1011396,RADIATOR TACOMA 1995 VZN150 5VZFE (AT)(32MM) FROTIS,792,0
1011397,RADIATOR HONDA ACCORD 2008 CU2(AT)(26MM) (FROTISE),780,12
1011398,RADIATOR NISSAN X-TRAIL 2007 T31 (AT) (26MM) (FROTISE),680,2
1011337,RADIATOR RAV4 2008 ACA33 2GRFE (AT)(26MM) £¨FROTISE),650,0
1011338,RADIATOR CAMRY 2007 ACV40 2GRFE (AT)(26MM) (FROTISE),720,0
1011339,RADIATOR 2UZFE 4RUNNER 2004 UZN215 (AT) (32MM) (FROTIS),1100,1
1011340,RADIATOR LAND CRUISER 2010 VDJ200 V8 5.7 (PETROL) 3URFE (AT)(48MM) FROTIS,1450,13
1011341,RADIATOR LAND CRUISER 2010 VDJ200 (DIESEL) 1VDFTV (AT)(48MM) £¨FROTISE£©,1400,0
1011342,RADIATOR LAND CRUISER 2010 VDJ200 (DIESEL) 1VDFTV (AT)(48MM) £¨FROTISE£©,1110,0
1011343,RADIATOR PRADO 1996 KZJ95/4RUNNER 1KD (AT)(26MM) FROTIS,740,0
1011344,RADIATOR PRADO 1996 KZJ95 (MT)(26MM) FROTIS,700,0
1011345,RADIATOR CAMRY 1998 SXV20 (AT)(26MM)FROTIS,740,3
1011346,RADIATOR LEXUS RX300 SXU15 (AT)(26MM)£¨FROTISE),820,0
1011348,RADIATOR TACOMA 2004 GRN245 1GRFE (AT)(26MM) FROTIS,880,0
1011349,RADIATOR COROLLA 2009 ZRE141 2ZRFE (AT)(26MM) FROTIS´íÎó,470,0
1011350,RADIATOR HIACE 2005 KDH200 1KD/2KD (SMALL)(FULL ALUMINIUM)(MT)(26MM) FROTISE,620,30
1011351,RADIATOR ACURA MDX (AT)(26MM) FROTIS,850,24
1011352,RADIATOR HONDA CIVIC 2002 EP2 (AT)(16MM)(FROTISE),550,0
1011353,RADIATOR HONDA CRV 2002 RD5 (AT)(26MM) (FROTISE),750,6
1011354,RADIATOR ACURA MDX (AT)(26MM)(FROTISE),1100,0
1011355,RADIATOR HONDA CIVIC 2006 FD (MT)(26MM) (FROTISE),620,0
1011356,RADIATOR HONDA CRV 2007 RE7 (AT)(26MM) (FROTISE),750,2
1011357,RADIATOR FORD EXPLORER 2002 (MT)(26MM) FROTIS,650,13
1011358,RADIATOR NISSAN JUKE F15 (MT)(26MM) FROTIS,670,0
1011359,RADIATOR NISSAN SENTRA/ALMERA/SUNNY B15 QG18 (AT)(26MM) FROTIS,650,14
1011360,RADIATOR NISSAN ARMADA TA60 (AT)(36MM) FROTIS,1350,0
1011361,RADIATOR NISSAN SUNNY 2007 B15 (AT)(26MM) £¨FROTISE£©,620,32
1011362,RADIATOR NISSAN MURANO 2002 Z50 VQ35 (AT)(26MM) (FROTISE),850,31
1011363,RADIATOR NISSAN FRONTIER 2005 VQ40 (AT)(26MM) FROTIS,980,102
1011364,RADIATOR NISSAN NAVARA 2005 D40T (MT)(32MM) (FROTISE),1100,0
1011365,RADIATOR NISSAN VERSA 08 /TIIDA C11 (AT)(16MM) (FROTISE),590,0
1011366,RADIATOR NISSAN MURANO 2012 Z51 VQ35 (AT)(26MM)£¨FROTISE£©,800,0
1011367,RADIATOR NISSAN PATROL Y61 (AT)(36MM) (FROTISE),1300,18
1011368,RADIATOR PICANTO 2004 (MT)(26MM) FROTIS,450,27
1011369,RADIATOR ACCENT 2002 (AT)(16MM) FROTIS,520,3
1011370,RADIATOR SANTA FE 2006 (AT)(22MM) £¨FROTISE£©,800,25
1011371,RADIATOR ELANTRA 2001 (AT)(26MM) (FROTISE),690,13
1011372,RADIATOR KIA SOUL 2010 (AT)(16MM) FROTIS,600,7
1029550,RADIATOR PATHFINDER 2009 D40T (WITH BRACKT)(AT)(32MM)(FROTISE),1100,0
1029552,RADIATOR TOYOTA HILUX REVO 2016 5LE/FORTUNER 15(AT)(26MM)(FROTISE),980,7
1029556,RADIATOR TUCSON 2015(MT)(26MM) (FROTISE),780,0
1029583,RADIATOR PICANTO 2017 (AT)(16MM) (FROTISE),670,16
1029601,RADIATOR MINI COOPER 2015 (MT)(16MM)(FROTISE),580,17
1029647,RADIATOR SUZUKI VITARA 2015 (AT/MT)(26MM)(FROTISE),800,4
1029648,RADIATOR SUZUKI ERTIGA 2020 (AT)(16MM)(FROTISE),780,0
1029649,RADIATOR SUZUKI ALTO 800 (MT)(16MM)(FROTISE),450,1
1029650,RADIATOR SUZUKI S-PRESSO 2019 (AT)(12MM)(FROTISE),580,0
1029656,RADIATOR NISSAN CABSTAR (FULL ALUMINUM)(MT)(40MM)(FROTISE),1280,163
1029661,RADIATOR MITSUBISHI ASX 2014 (AT)(16MM)(FROTISE),620,12
1029663,RADIATOR NISSAN KICKS (AT/MT)(26MM) (FROTISE),680,0
1029664,RADIATOR NISSAN KICKS (AT) (16MM) (FROTISE),650,2
1030336,RADIATOR HONDA RDX 2007 (AT) (26MM) (FROTISE),850,0
1030345,RADIATOR CHRYSLER 200 2015-2016/JEEP COMPASS/RENEGADE (MT)(16MM),650,0
1030991,RADIATOR HONDA HRV 2018 1.8L (MT)(16MM) (FROTISE),680,1
1030384,RADIATOR HONDA FIT 2017 (AT) (16MM) (FROTISE),620,17
1030388,RADIATOR HYUNDAI GALOPPER (WITH BRACKET)(MT)(40MM)(FULL ALUMINUM)(FROTISE),1500,49
1030484,RADIATOR HONDA CITY 2014 (MT)(16MM)(FROTISE),570,6
1030485,RADIATOR HYUNDAI GRACE H100 (3 HOLES)(MT)(40MM)(FULL ALUMINUM)(FROTISE),1300,2
1030088,RADIATOR HONDA CIVIC 2017 1.5(LONG)(AT/MT)(26MM)(FROTISE),730,0
1031130,RADIATOR TOYOTA YARIS 2013 KSP130(MT)(16MM) (FROTISE),580,0
1031142,RADIATOR HONDA CIVIC 2002 EP2 (AT)(22MM)(FROTISE),600,0
1030560,RADIATOR HYUNDAI GRACE H100 (3 HOLES)(WITH BRACKET)(MT)(48MM)(FULL ALUMINUM)(FROTISE),1600,0
1030561,RADIATOR KIA BONGO (3 HOLES)(FULL ALUMINUM)(MT)(48MM) (FROTISE),1400,0
1030833,RADIATOR JEEP CHRYSLER 2015-2016 (AT) (22MM),800,28
1029166,RADIATOR CHEVROLET EQUINOX 2019 (MT)(26MM) (FROTISE£©,1000,21
1029168,RADIATOR CHEVROLET SONIC 2014(AT/MT)(16MM) (FROTISE),700,11
1029169,RADIATOR CHEVROLET SPARK 2014(AT)(16MM) (FROTISE),650,0
1029170,RADIATOR SONATA 2020 (AT)(16MM) (FROTISE),850,26
1029172,RADIATOR SUZUKI APV (AT)(26MM)(FROTISE),650,11
1022329,RADIATOR GRACE H100(MT)(26MM)(FROTISE),740,0
1023349,RADIATOR NISSAN CIVILIAN W41(MT)(32MM) (FROTISE),1050,9
1023350,RADIATOR HYUNDAI TUCSON 2004 (AT)(22MM) (FROTISE),690,142
1023351,RADIATOR HYUNDAI ELANTRA 2011 (MT)(22MM) (FROTISE) ¿ª·¢´íÎó,534,0
1023593,RADIATOR MAZDA 323(MT)(26MM)FROTISE,495,14
1025756,RADIATOR TOYOTA NOAH VOXY ZZR75/ZZR70(26MM)(AT)(FROTISE),720,0
1026220,RADIATOR IZOA M20A-FKS COROLLA 2020(MT)(26MM)£¨FROTISE),550,1
1026221,RADIATOR FIESTA 2008 (MT)(26MM)£¨FROTISE£©,473,0
1026222,RADIATOR ROGUE 2014 QR25DE(MT)(16MM)£¨FROTISE£©,600,25
1026223,RADIATOR HIGHLANDER 2020 2GR-FKS(AT/MT)(16MM)£¨FROTISE),750,34
1026225,RADIATOR YARIS 2005 NCP90 1NZ/2NZ (AT)(16MM) (FROTISE),506,0
1026226,RADIATOR HILUX VIGO 4.0 1GRFE(PETROL)(AT)(32MM)£¨FROTISE£©,1050,21
1026227,RADIATOR QASHQAI 2007 J10 MR20DE(MT)(26MM)FROTISE,750,0
1026228,RADIATOR PICANTO 2011 1.2 (AT)(16MM)FROTISE,490,53
1026229,RADIATOR KIA SOUL 2010(AT)(16MM)(FROTISE),620,23
1026230,RADIATOR HYUNDAI SORENTO 2006(AT)(26MM)(FROTISE),748,11
1026231,RADIATOR SPORTAGE 2004 2.7(AT)(22MM)£¨FROTISE£©,800,8
1026356,RADIATOR SUZUKI SWIFT 2017 (MT)(16MM) (FROTISE),650,6
1026595,RADIATOR COROLLA 2007 1ZRFE (AT)(16mm)(FROTISE),473,0
1026596,RADIATOR RENAULT DUSTER 2012 (MT)(26MM)(FROTISE),650,0
1026597,RADIATOR RENAULT DUSTER 2004 (MT)(26mm)(FROTISE),572,0
1026598,RADIATOR YARIS 2005 KSP90(LOWER PIPE LEFT)(AT) (16MM)(FROTISE),450,0
1026599,RADIATOR DODGE RAM 1500 EVA (MT)(26MM)(FROTISE),1100,0
1026600,RADIATOR JEEP WLRANGLER 2009 (MT)(26MM) (FROTISE),850,11
1026601,RADIATOR DODGE JOURNEY 2009 (MT)(16MM) (FROTISE),620,5
1026602,RADIATOR FORD F-150 2020 (AT)(26MM)(FROTISE),1250,0
1026603,RADIATOR HONDA HR-V 2015 RU1 (MT)(16MM)(FROTISE),495,0
1028896,RADIATOR KIA BONGO (FULL ALUMINUM)(MT)(40MM) (FROTISE),1150,174
1028693,RADIATOR YARIS 1.0/1.3 2005 NCP90 (SHORT) (AT)(22MM) (FROTISE),530,0
1028915,RADIATOR HOSE UPPER SPRINTER 1995 (SNG),48,0
1028772,RADIATOR H100(FULL ALUMINUM)(MT)(40MM)(FROTISE),1150,17
1027441,RADIATOR HOSE LOWER SPRINTER CDI 906(SNG),50,200
1028462,RADIATOR PICANTO 2017 (AT)(26MM) (FROTISE),740,14
1028778,RADIATOR VW LT CHOCHO(AT)(26MM)(FROTISE),750,23
1028804,RADIATOR HONDA CIVIC 2017 1.5(LONG)(AT/MT)(16MM) FROTISE,650,0
1028805,RADIATOR NISSAN ROGUE 2014(AT)(16MM)(FROTISE),700,0
1028806,RADIATOR PRADO 2010 KDJ150(AT)(36MM)(FROTISE),1250,13
1027779,RADIATOR ELANTRA 2017  (AT)(16MM)(FROTISE),620,0
1027780,RADIATOR COROLLA 2020 ZWE210  (MT)(26MM)(FROTISE),690,5
1027781,RADIATOR I10 1.0 2014  (AT)(16MM)(FROTISE),520,18
1027782,RADIATOR RAV4 2020 AXAA54 (AT/MT)(16MM)(FROTISE),750,0
1027783,RADIATOR ACCENT 2017/RIO 2017 (AT)(16MM)(FROTISE),550,60
1027784,RADIATOR TUCSON 2015  (AT)(16MM)(FROTISE),730,0
1027785,RADIATOR SENTRA B16 (MT)(16MM)(FROTISE),600,0
1027786,RADIATOR ISUZU D-MAX 2012  (MT)(26MM)(FROTISE),880,53
1027787,RADIATOR HYUNDAI MIGHTY 1998  (MT)(32MM)(FROTISE),980,10
1027788,RADIATOR KIA BONGO 3 K2500 2005-PRESENT (MT)(36MM)(FROTISE),850,25
1027789,RADIATOR KIA BONGO FRONTIER 2000-2004  (MT)(32MM)(FROTISE),800,3
1027791,RADIATOR HONDA CRV 2017 RW4 (AT/MT) (26MM)(FROTISE),800,9
1027792,RADIATOR HIGHLANDER 2014 GSU55 2.7L L4 V6 (26MM)(AT)(FROTISE),900,0
1027793,RADIATOR YARIS 2005 NCP90 1NZ/2NZ (AT)(22MM)(LONG)(FROTISE),580,320
1027794,RADIATOR NISSAN PATROL 2010 Y62 (AT)(40MM)(FROTISE),1550,33
1028577,RADIATOR CRUZE 2014/OPEL ASTRA J(MT)(26MM)(FROTISE),850,7
1028578,RADIATOR CAMRY 2020 ASV70(MT)(16MM)(FROTISE),650,0
1028579,RADIATOR NISSAN CITY EXPRESS 2015 NV200(AT)(26MM) (FROTISE),920,0
1028580,RADIATOR LEXUS GX460 2011(AT)(26MM)(FROTISE),980,0
1028581,RADIATOR YARIS 2005 KSP90(LOWER PIPE LEFT)(AT) (22MM)(FROTISE),550,0
1028619,RADIATOR DODGE CALIBER(MT)(22MM) (FROTISE),780,36
1028631,RADIATOR HIACE 2005 2KD(DIESEL)(FULL ALUMINUM)(AT)(36MM) (FROTISE),1500,1
1028948,RADIATOR HYUNDAI GALLOPER (FULL ALUMNINUM)(AT) (40MM)(FROTISE),1100,8
1021485,RADIATOR HONDA CITY/FIT 2012 GE6(AT)(16MM) (FROTISE),680,0
1023052,RADIATOR CHEVROLET KALOS 2013/AVEO 2008 (MT)(26MM)(FROTISE),620,4
1023053,RADIATOR HYUNDAI TUCSON 2009/SPORTAGE 2009/IX35 (MT)(22MM)(FROTISE),650,30
1023054,RADIATOR TOYOTA HILUX REVO 2016 5LE/FORTUNER 15(MT)(26MM)(FROTISE),1050,9
1023055,RADIATOR CHEVROLET CRUZE 2009 (FROTISE),630,0
1023056,RADIATOR NISSAN SENTRA B15 2000-2006 (26MM)(MT) (FROTISE),450,0
1023057,RADIATOR NISSAN SENTRA 2016 B17 USA(MT)(26MM) (FROTISE),600,0
1024781,RADIATOR HONDA ACCORD 2018 (MT)(26MM)(FROTISE),800,0
1024782,RADIATOR FORD FIESTA 2012 (MT)(26MM)(FROTISE),620,0
1024783,RADIATOR FORD FOCUS 2012 (16MM)(MT) (FROTISE),520,0
1021586,RADIATOR COOLANT PIPE CONNECTOR COROLLA 2009 ZRE141(FROTISE),35,0
1023057,RADIATOR NISSAN SENTRA 2016 B17 USA(MT)(26MM) (FROTISE),600,0
1023058,RADIATOR TOYOTA SCION XB(22MM) (FROTISE),510,0
1023059,RADIATOR TOYOTA HILUX REVO 2015/FORTUNER 2015 2TRFE(PETROL)(AT)(26MM)(FROTISE),950,55
1023060,RADIATOR TOYOTA KIA SORENTO 2013 (AT)(22MM) (FROTISE),680,0
1023061,RADIATOR TUCSON 2011(AT)(26MM)(FROTISE),700,0
1023924,RADIATOR CHEVROLET AVEO AT(26MM)(FROTISE),750,9
1024038,RADIATOR FORD FOCUS AK 2002 2.0(26MM)(AT)(FROTISE),580,36
1024806,RADIATOR BRACKET HYUNDAI I10 2007,456,0
1024807,RADIATOR BRACKET KIA/PICANTO 08£¨DJ£©,720,0
1023347,RADIATOR HIACE KCH1#(AT)(26MM)(FROTISE),737,0
1023348,RADIATOR NISSAN INFINITI FX35 (MT)(26MM) (FROTISE),627,10
